"Accessories",130
"Accountants",8
"Active Life",448
"Acupuncture",36
"Adult Education",12
"Adult Entertainment",9
"Adult",9
"Advertising",1
"Afghan",4
"African",12
"Airport Shuttles",9
"Airports",3
"Allergists",2
"Amateur Sports Teams",15
"American (New)",392
"American (Traditional)",347
"Amusement Parks",2
"Animal Shelters",8
"Antiques",50
"Apartments",159
"Appliances & Repair",9
"Appliances",6
"Aquariums",1
"Arcades",9
"Architects",2
"Argentine",2
"Art Galleries",88
"Art Schools",11
"Art Supplies",42
"Arts & Crafts",167
"Arts & Entertainment",540
"Asian Fusion",117
"Auto Detailing",6
"Auto Glass Services",8
"Auto Parts & Supplies",16
"Auto Repair",160
"Automotive",327
"Baby Gear & Furniture",17
"Bagels",59
"Bakeries",223
"Bankruptcy Law",4
"Banks & Credit Unions",101
"Barbeque",64
"Barbers",110
"Bars",650
"Basque",5
"Beaches",1
"Beauty and Spas",963
"Bed & Breakfast",35
"Beer, Wine & Spirits",119
"Belgian",3
"Bike Rentals",16
"Bike Repair/Maintenance",11
"Bikes",59
"Bistros",4
"Boat Charters",1
"Boating",5
"Body Shops",26
"Books, Mags, Music and Video",255
"Bookstores",139
"Botanical Gardens",10
"Bowling",7
"Brasseries",1
"Brazilian",6
"Breakfast & Brunch",171
"Breweries",32
"Bridal",26
"British",5
"Buffets",40
"Building Supplies",10
"Burgers",182
"Burmese",1
"Butcher",3
"Cafes",107
"Cajun/Creole",19
"Cambodian",3
"Canadian (New)",10
"Candy Stores",28
"Cannabis Clinics",7
"Car Dealers",39
"Car Rental",23
"Car Stereo Installation",3
"Car Wash",20
"Cardiologists",4
"Cards & Stationery",57
"Career Counseling",1
"Caribbean",29
"Carpet Cleaning",6
"Carpeting",2
"Caterers",97
"Champagne Bars",1
"Check Cashing/Pay-day Loans",1
"Cheese Shops",10
"Cheesesteaks",7
"Chicken Wings",40
"Child Care & Day Care",14
"Children's Clothing",30
"Chinese",270
"Chiropractors",34
"Chocolatiers and Shops",26
"Churches",47
"Cinema",74
"Climbing",1
"Cocktail Bars",1
"Coffee & Tea",552
"Colleges & Universities",155
"Comedy Clubs",20
"Comfort Food",3
"Comic Books",24
"Commercial Real Estate",1
"Community Service/Non-Profit",23
"Computers",38
"Contractors",18
"Convenience Stores",79
"Cooking Schools",5
"Cosmetic Dentists",35
"Cosmetic Surgeons",39
"Cosmetics & Beauty Supply",72
"Cosmetology Schools",5
"Costumes",11
"Counseling & Mental Health",17
"Couriers & Delivery Services",9
"Creperies",23
"Criminal Defense Law",1
"Cuban",8
"Dance Clubs",56
"Dance Schools",12
"Dance Studios",16
"Day Spas",125
"Delis",154
"Dentists",206
"Department Stores",49
"Departments of Motor Vehicles",2
"Dermatologists",26
"Desserts",132
"Diagnostic Imaging",1
"Diagnostic Services",2
"Dim Sum",6
"Diners",94
"Disc Golf",1
"Discount Store",9
"Dive Bars",62
"Divorce and Family Law",5
"DJs",3
"Do-It-Yourself Food",4
"Doctors",346
"Dog Parks",5
"Dog Walkers",7
"Donuts",41
"Driving Schools",3
"Drugstores",84
"Dry Cleaning & Laundry",133
"Ear Nose & Throat",9
"Education",273
"Educational Services",4
"Egyptian",1
"Electricians",5
"Electronics Repair",11
"Electronics",52
"Elementary Schools",11
"Employment Agencies",13
"Endodontists",6
"Estate Planning Law",3
"Ethiopian",13
"Ethnic Food",59
"Event Planning & Services",539
"Eyelash Service",13
"Eyewear & Opticians",52
"Fabric Stores",10
"Family Practice",34
"Farmers Market",38
"Fashion",639
"Fast Food",205
"Fertility",6
"Festivals",15
"Filipino",7
"Financial Advising",3
"Financial Services",123
"Fish & Chips",5
"Fitness & Instruction",247
"Flooring",6
"Florists",65
"Flowers & Gifts",148
"Fondue",6
"Food Court",1
"Food Delivery Services",18
"Food Stands",109
"Food Trucks",4
"Food",1874
"Formal Wear",1
"Framing",19
"French",54
"Fruits & Veggies",21
"Funeral Services & Cemeteries",3
"Furniture Reupholstery",1
"Furniture Stores",56
"Garage Door Services",1
"Gardeners",4
"Gas & Service Stations",36
"Gastroenterologist",4
"Gastropubs",17
"Gay Bars",18
"Gelato",2
"General Dentistry",101
"General Litigation",3
"German",11
"Gift Shops",5
"Gluten-Free",17
"Golf",22
"Graphic Design",14
"Greek",71
"Grocery",228
"Guest Houses",4
"Gun/Rifle Ranges",2
"Gyms",101
"Hair Extensions",5
"Hair Removal",74
"Hair Salons",379
"Halal",14
"Handyman",1
"Hardware Stores",27
"Hats",1
"Hawaiian",6
"Health and Medical",878
"Health Markets",40
"Heating & Air Conditioning/HVAC",6
"Herbs and Spices",5
"Hiking",8
"Himalayan/Nepalese",1
"Hobby Shops",20
"Home & Garden",207
"Home Cleaning",18
"Home Decor",68
"Home Health Care",1
"Home Inspectors",5
"Home Organization",3
"Home Services",458
"Home Theatre Installation",4
"Hookah Bars",25
"Horseback Riding",1
"Hospitals",45
"Hostels",2
"Hot Dogs",48
"Hot Tub and Pool",1
"Hotels & Travel",370
"Hotels",216
"Hungarian",1
"Ice Cream & Frozen Yogurt",221
"Immigration Law",2
"Indian",148
"Indonesian",2
"Insurance",12
"Interior Design",8
"Internal Medicine",31
"International",1
"Internet Cafes",8
"Internet Service Providers",16
"Investing",2
"Irish",20
"IT Services & Computer Repair",44
"Italian",255
"Japanese",218
"Jazz & Blues",19
"Jewelry",137
"Juice Bars & Smoothies",66
"Karaoke",12
"Keys & Locksmiths",13
"Kitchen & Bath",25
"Knitting Supplies",5
"Korean",94
"Kosher",3
"Lakes",1
"Landmarks & Historical Buildings",22
"Landscaping",8
"Language Schools",6
"Laser Eye Surgery/Lasik",12
"Laser Hair Removal",16
"Latin American",51
"Lawyers",32
"Leather Goods",11
"Lebanese",1
"Leisure Centers",1
"Libraries",56
"Life Coach",3
"Lighting Fixtures & Equipment",4
"Limos",13
"Lingerie",23
"Live/Raw Food",2
"Local Flavor",58
"Local Services",476
"Lounges",127
"Luggage",9
"Makeup Artists",24
"Malaysian",4
"Marketing",5
"Martial Arts",15
"Mass Media",46
"Massage Therapy",13
"Massage",131
"Maternity Wear",7
"Mattresses",19
"Meat Shops",22
"Medical Centers",49
"Medical Spas",21
"Mediterranean",134
"Men's Clothing",108
"Men's Hair Salons",1
"Mexican",324
"Middle Eastern",94
"Middle Schools & High Schools",9
"Midwives",5
"Mini Golf",3
"Mobile Phones",54
"Modern European",4
"Mongolian",10
"Moroccan",8
"Mortgage Brokers",14
"Mosques",1
"Motorcycle Dealers",10
"Motorcycle Repair",3
"Mountain Biking",2
"Movers",21
"Museums",79
"Music & DVDs",56
"Music Venues",100
"Musical Instruments & Teachers",19
"Nail Salons",162
"Naturopathic/Holistic",6
"Neurologist",2
"Newspapers & Magazines",15
"Nightlife",827
"Notaries",13
"Nurseries & Gardening",18
"Nutritionists",13
"Obstetricians and Gynecologists",41
"Office Cleaning",3
"Office Equipment",23
"Oil Change Stations",21
"Oncologist",2
"Opera & Ballet",2
"Ophthalmologists",22
"Optometrists",88
"Oral Surgeons",43
"Orthodontists",12
"Orthopedists",18
"Outdoor Gear",25
"Painters",10
"Pakistani",49
"Parking",21
"Parks",69
"Party & Event Planning",27
"Party Supplies",12
"Pawn Shops",1
"Pediatric Dentists",9
"Pediatricians",12
"Performing Arts",113
"Periodontists",7
"Persian/Iranian",8
"Personal Chefs",4
"Personal Injury Law",4
"Personal Shopping",5
"Peruvian",6
"Pest Control",4
"Pet Boarding/Pet Sitting",30
"Pet Groomers",12
"Pet Services",53
"Pet Stores",31
"Pet Training",8
"Pets",128
"Pharmacy",2
"Photographers",57
"Photography Stores & Services",38
"Physical Therapy",27
"Piano Bars",1
"Piercing",29
"Pilates",29
"Pizza",486
"Playgrounds",6
"Plumbing",14
"Podiatrists",6
"Police Departments",2
"Polish",4
"Pool Halls",14
"Portuguese",4
"Post Offices",27
"Poutineries",1
"Preschools",16
"Print Media",17
"Printing Services",80
"Private Tutors",3
"Proctologists",1
"Professional Services",118
"Professional Sports Teams",1
"Property Management",53
"Psychiatrists",5
"Psychics & Astrologers",4
"Public Services & Government",127
"Public Transportation",29
"Pubs",127
"Radio Stations",19
"Rafting/Kayaking",4
"Real Estate Agents",31
"Real Estate Law",2
"Real Estate Services",34
"Real Estate",274
"Recording & Rehearsal Studios",2
"Recreation Centers",2
"Recycling Center",5
"Rehabilitation Center",3
"Religious Organizations",67
"Restaurants",4597
"Retirement Homes",2
"Rolfing",1
"Roofing",1
"Russian",3
"Salad",14
"Salvadoran",5
"Sandwiches",460
"Scandinavian",2
"Screen Printing",3
"Screen Printing/T-Shirt Printing",2
"Seafood Markets",17
"Seafood",84
"Security Services",1
"Security Systems",5
"Self Storage",8
"Session Photography",1
"Sewing & Alterations",66
"Shades & Blinds",4
"Shared Office Spaces",3
"Shipping Centers",41
"Shoe Repair",34
"Shoe Stores",86
"Shopping Centers",38
"Shopping",2099
"Singaporean",2
"Skating Rinks",6
"Skin Care",95
"Smog Check Stations",9
"Soccer",2
"Social Clubs",9
"Soul Food",17
"Soup",18
"Southern",33
"Spanish",11
"Specialty Food",253
"Specialty Schools",56
"Sporting Goods",157
"Sports Bars",72
"Sports Clubs",12
"Sports Medicine",9
"Sports Wear",51
"Stadiums & Arenas",32
"Steakhouses",47
"Street Vendors",48
"Summer Camps",5
"Surgeons",1
"Sushi Bars",142
"Swimming Pools",7
"Swimwear",2
"Synagogues",3
"Szechuan",1
"Taiwanese",9
"Tanning",38
"Tapas Bars",22
"Tapas/Small Plates",6
"Tattoo",48
"Tax Services",5
"Taxis",27
"Tea Rooms",18
"Television Service Providers",1
"Television Stations",7
"Tennis",14
"Test Preparation",1
"Tex-Mex",37
"Thai",147
"Thrift Stores",24
"Tires",46
"Tobacco Shops",50
"Tours",14
"Towing",9
"Toy Stores",39
"Traditional Chinese Medicine",5
"Train Stations",4
"Trainers",55
"Transportation",74
"Travel Services",14
"Tree Services",1
"Trinidadian",1
"Truck Rental",1
"Turkish",13
"Tutoring Centers",16
"University Housing",19
"Urgent Care",10
"Used Bookstore",1
"Used, Vintage & Consignment",78
"Vegan",30
"Vegetarian",66
"Venues & Event Spaces",89
"Veterinarians",49
"Video/Film Production",6
"Videographers",2
"Videos and Video Game Rental",33
"Vietnamese",62
"Vinyl Records",8
"Watch Repair",3
"Watches",10
"Web Design",7
"Wedding Planning",16
"Weight Loss Centers",7
"Wholesale Stores",2
"Wigs",1
"Window Washing",2
"Windows Installation",2
"Windshield Installation & Repair",1
"Wine Bars",45
"Wineries",10
"Women's Clothing",286
"Yoga",79
"Zoos",1
